<?xml version="1.0" encoding="UTF-8"?>
<root>
  <item name="com.xsl.lerist.llibrarys.animation.CubeAnimation CubeAnimation(int, boolean, long) 0">
    <annotation name="android.support.annotation.IntDef">
      <val name="value" val="{com.xsl.lerist.llibrarys.animation.CubeAnimation.UP, com.xsl.lerist.llibrarys.animation.CubeAnimation.DOWN, com.xsl.lerist.llibrarys.animation.CubeAnimation.LEFT, com.xsl.lerist.llibrarys.animation.CubeAnimation.RIGHT}" />
    </annotation>
  </item>
  <item name="com.xsl.lerist.llibrarys.animation.CubeAnimation com.xsl.lerist.llibrarys.animation.CubeAnimation create(int, boolean, long) 0">
    <annotation name="android.support.annotation.IntDef">
      <val name="value" val="{com.xsl.lerist.llibrarys.animation.CubeAnimation.UP, com.xsl.lerist.llibrarys.animation.CubeAnimation.DOWN, com.xsl.lerist.llibrarys.animation.CubeAnimation.LEFT, com.xsl.lerist.llibrarys.animation.CubeAnimation.RIGHT}" />
    </annotation>
  </item>
  <item name="com.xsl.lerist.llibrarys.animation.CubeAnimation mDirection">
    <annotation name="android.support.annotation.IntDef">
      <val name="value" val="{com.xsl.lerist.llibrarys.animation.CubeAnimation.UP, com.xsl.lerist.llibrarys.animation.CubeAnimation.DOWN, com.xsl.lerist.llibrarys.animation.CubeAnimation.LEFT, com.xsl.lerist.llibrarys.animation.CubeAnimation.RIGHT}" />
    </annotation>
  </item>
  <item name="com.xsl.lerist.llibrarys.animation.CubeAnimation.Direction">
    <annotation name="android.support.annotation.IntDef">
      <val name="value" val="{com.xsl.lerist.llibrarys.animation.CubeAnimation.UP, com.xsl.lerist.llibrarys.animation.CubeAnimation.DOWN, com.xsl.lerist.llibrarys.animation.CubeAnimation.LEFT, com.xsl.lerist.llibrarys.animation.CubeAnimation.RIGHT}" />
    </annotation>
  </item>
  <item name="com.xsl.lerist.llibrarys.animation.CubeAnimation.HorizontalCubeAnimation HorizontalCubeAnimation(int, boolean, long) 0">
    <annotation name="android.support.annotation.IntDef">
      <val name="value" val="{com.xsl.lerist.llibrarys.animation.CubeAnimation.UP, com.xsl.lerist.llibrarys.animation.CubeAnimation.DOWN, com.xsl.lerist.llibrarys.animation.CubeAnimation.LEFT, com.xsl.lerist.llibrarys.animation.CubeAnimation.RIGHT}" />
    </annotation>
  </item>
  <item name="com.xsl.lerist.llibrarys.animation.CubeAnimation.VerticalCubeAnimation VerticalCubeAnimation(int, boolean, long) 0">
    <annotation name="android.support.annotation.IntDef">
      <val name="value" val="{com.xsl.lerist.llibrarys.animation.CubeAnimation.UP, com.xsl.lerist.llibrarys.animation.CubeAnimation.DOWN, com.xsl.lerist.llibrarys.animation.CubeAnimation.LEFT, com.xsl.lerist.llibrarys.animation.CubeAnimation.RIGHT}" />
    </annotation>
  </item>
</root>

