<?xml version="1.0" encoding="UTF-8"?>
<root>
  <item name="net.grandcentrix.tray.provider.ContentProviderStorage mListeners">
    <annotation name="android.support.annotation.VisibleForTesting" />
  </item>
  <item name="net.grandcentrix.tray.provider.ContentProviderStorage mObserver">
    <annotation name="android.support.annotation.VisibleForTesting" />
  </item>
  <item name="net.grandcentrix.tray.provider.ContentProviderStorage mObserverThread">
    <annotation name="android.support.annotation.VisibleForTesting" />
  </item>
  <item name="net.grandcentrix.tray.provider.ContentProviderStorage.TrayContentObserver">
    <annotation name="android.support.annotation.VisibleForTesting" />
  </item>
  <item name="net.grandcentrix.tray.provider.TrayDBHelper">
    <annotation name="android.support.annotation.VisibleForTesting" />
  </item>
</root>

