<?xml version="1.0" encoding="UTF-8"?>
<root>
  <item name="com.xsl.lerist.llibrarys.widget.LToast void show(android.content.Context, android.view.View, int, int, int, int) 2">
    <annotation name="android.support.annotation.IntDef">
      <val name="value" val="{com.xsl.lerist.llibrarys.widget.LToast.LENGTH_SHORT, com.xsl.lerist.llibrarys.widget.LToast.LENGTH_LONG}" />
    </annotation>
  </item>
  <item name="com.xsl.lerist.llibrarys.widget.LToast.Duration">
    <annotation name="android.support.annotation.IntDef">
      <val name="value" val="{com.xsl.lerist.llibrarys.widget.LToast.LENGTH_SHORT, com.xsl.lerist.llibrarys.widget.LToast.LENGTH_LONG}" />
    </annotation>
  </item>
</root>

