<?xml version="1.0" encoding="UTF-8"?>
<root>
  <item name="com.github.florent37.viewanimator.AnimationBuilder com.github.florent37.viewanimator.AnimationBuilder repeatMode(int) 0">
    <annotation name="android.support.annotation.IntDef">
      <val name="flag" val="false" />
      <val name="value" val="{android.animation.ValueAnimator.RESTART, android.animation.ValueAnimator.REVERSE}" />
    </annotation>
  </item>
  <item name="com.github.florent37.viewanimator.ViewAnimator com.github.florent37.viewanimator.ViewAnimator repeatMode(int) 0">
    <annotation name="android.support.annotation.IntDef">
      <val name="flag" val="false" />
      <val name="value" val="{android.animation.ValueAnimator.RESTART, android.animation.ValueAnimator.REVERSE}" />
    </annotation>
  </item>
</root>

